{"rects": [[129.48074383735656, 102.9009306192398, 236.81958804130554, 390.91300735473635], [53.070644688606265, 90.85054750442505, 146.8854609489441, 390.0092402458191], [449.8064118862152, 94.29799489974975, 553.4099390029908, 390.68118982315065], [228.21534190177917, 109.84352188110351, 335.59561228752136, 390.4468923568726], [390.04412841796875, 97.63746650218964, 479.18808631896974, 390.74251184463503], [310.1900058746338, 108.06749410629273, 407.7712652206421, 390.17364864349366]], "labels": ["person", "person", "person", "person", "person", "person"], "scores": [0.9072383642196655, 0.8964150547981262, 0.8649123907089233, 0.8641307353973389, 0.8047432899475098, 0.7961681485176086]}